{
  "confusion_matrix": [
    [
      70,
      2,
      13,
      13
    ],
    [
      9,
      66,
      12,
      11
    ],
    [
      3,
      2,
      86,
      7
    ],
    [
      9,
      2,
      11,
      76
    ]
  ],
  "pr_curves": {
    "0": {
      "recall": [
        0.0,
        0.05263157894736842,
        0.10526315789473684,
        0.15789473684210525,
        0.21052631578947367,
        0.2631578947368421,
        0.3157894736842105,
        0.3684210526315789,
        0.42105263157894735,
        0.47368421052631576,
        0.5263157894736842,
        0.5789473684210527,
        0.631578947368421,
        0.6842105263157894,
        0.7368421052631579,
        0.7894736842105263,
        0.8421052631578947,
        0.894736842105263,
        0.9473684210526315,
        1.0
      ],
      "precision": [
        0.9866374299904407,
        0.9886507679707316,
        1.0,
        0.9989084709963846,
        1.0,
        0.9979657318747167,
        0.9561778283912338,
        0.9411226275221274,
        0.9044411183808696,
        0.8815070177547845,
        0.8211764179655702,
        0.8098053475658876,
        0.7783170953066599,
        0.7706850000233412,
        0.7220292626178233,
        0.7272596988338113,
        0.6837428835139218,
        0.6181299588065335,
        0.5699745040204948,
        0.5231510407593807
      ]
    },
    "1": {
      "recall": [
        0.0,
        0.05263157894736842,
        0.10526315789473684,
        0.15789473684210525,
        0.21052631578947367,
        0.2631578947368421,
        0.3157894736842105,
        0.3684210526315789,
        0.42105263157894735,
        0.47368421052631576,
        0.5263157894736842,
        0.5789473684210527,
        0.631578947368421,
        0.6842105263157894,
        0.7368421052631579,
        0.7894736842105263,
        0.8421052631578947,
        0.894736842105263,
        0.9473684210526315,
        1.0
      ],
      "precision": [
        0.9890441165196892,
        0.9789191570567822,
        0.997327011139346,
        0.9658294061265668,
        0.9684047342550178,
        0.9709908492512818,
        0.9415346093616244,
        0.9369021194417143,
        0.9139010189328642,
        0.8806560875141826,
        0.8709760990628245,
        0.8448601548455925,
        0.7867043049790547,
        0.7669303551060391,
        0.7476028677888683,
        0.6761472470541885,
        0.6536594125759791,
        0.5908209788330343,
        0.5811868184323182,
        0.5289264964785645
      ]
    },
    "2": {
      "recall": [
        0.0,
        0.05263157894736842,
        0.10526315789473684,
        0.15789473684210525,
        0.21052631578947367,
        0.2631578947368421,
        0.3157894736842105,
        0.3684210526315789,
        0.42105263157894735,
        0.47368421052631576,
        0.5263157894736842,
        0.5789473684210527,
        0.631578947368421,
        0.6842105263157894,
        0.7368421052631579,
        0.7894736842105263,
        0.8421052631578947,
        0.894736842105263,
        0.9473684210526315,
        1.0
      ],
      "precision": [
        0.9923186531092415,
        0.9874571912221453,
        0.982864901920615,
        1.0,
        1.0,
        0.9548094834515632,
        0.9542206867207176,
        0.9588445183696005,
        0.9162293790982591,
        0.8505249660109221,
        0.8381458586498879,
        0.8205907459089996,
        0.7985807585613073,
        0.7788276815151286,
        0.7190274661188282,
        0.6950849630137795,
        0.6541369431740205,
        0.6070436176701182,
        0.5451844285940682,
        0.5185470482840652
      ]
    },
    "3": {
      "recall": [
        0.0,
        0.05263157894736842,
        0.10526315789473684,
        0.15789473684210525,
        0.21052631578947367,
        0.2631578947368421,
        0.3157894736842105,
        0.3684210526315789,
        0.42105263157894735,
        0.47368421052631576,
        0.5263157894736842,
        0.5789473684210527,
        0.631578947368421,
        0.6842105263157894,
        0.7368421052631579,
        0.7894736842105263,
        0.8421052631578947,
        0.894736842105263,
        0.9473684210526315,
        1.0
      ],
      "precision": [
        1.0,
        0.9548928980357345,
        1.0,
        1.0,
        0.9703525728637764,
        0.9704122929842813,
        0.9671951975759076,
        0.9663310270810217,
        0.9164864745504305,
        0.9241554226465725,
        0.8283500226170315,
        0.8555135071273752,
        0.806777096296751,
        0.7497842594425029,
        0.7027043952455138,
        0.7209631488899998,
        0.6013846250451478,
        0.5956066076454578,
        0.5856674344770104,
        0.4796437840270256
      ]
    }
  }
}