{
  "confusion_matrix": [
    [
      72,
      3,
      13,
      10
    ],
    [
      16,
      82,
      0,
      0
    ],
    [
      2,
      10,
      77,
      10
    ],
    [
      11,
      4,
      11,
      72
    ]
  ],
  "pr_curves": {
    "0": {
      "recall": [
        0.0,
        0.05263157894736842,
        0.10526315789473684,
        0.15789473684210525,
        0.21052631578947367,
        0.2631578947368421,
        0.3157894736842105,
        0.3684210526315789,
        0.42105263157894735,
        0.47368421052631576,
        0.5263157894736842,
        0.5789473684210527,
        0.631578947368421,
        0.6842105263157894,
        0.7368421052631579,
        0.7894736842105263,
        0.8421052631578947,
        0.894736842105263,
        0.9473684210526315,
        1.0
      ],
      "precision": [
        0.9778377719477211,
        0.9841005857659663,
        1.0,
        1.0,
        0.9797772521947035,
        0.9456155199374269,
        0.9514831596056468,
        0.9202811282773504,
        0.8927219172692153,
        0.9089188896850151,
        0.8775992958254712,
        0.859123662875156,
        0.7920514590340748,
        0.7595572628452204,
        0.7112444477897104,
        0.6533003322045213,
        0.6507066996467341,
        0.5787644231625915,
        0.576580792849291,
        0.46579866257548086
      ]
    },
    "1": {
      "recall": [
        0.0,
        0.05263157894736842,
        0.10526315789473684,
        0.15789473684210525,
        0.21052631578947367,
        0.2631578947368421,
        0.3157894736842105,
        0.3684210526315789,
        0.42105263157894735,
        0.47368421052631576,
        0.5263157894736842,
        0.5789473684210527,
        0.631578947368421,
        0.6842105263157894,
        0.7368421052631579,
        0.7894736842105263,
        0.8421052631578947,
        0.894736842105263,
        0.9473684210526315,
        1.0
      ],
      "precision": [
        1.0,
        1.0,
        1.0,
        1.0,
        0.9675345847308887,
        0.9514948637774775,
        0.9527216283118422,
        0.9467650820559249,
        0.9512513295270744,
        0.8869315380027841,
        0.8508960299745159,
        0.8178474114064902,
        0.8235025372771596,
        0.7834130855224901,
        0.7233953995678652,
        0.6892740726524904,
        0.6707131483054986,
        0.5897722437044178,
        0.5525527825969906,
        0.47299692649205116
      ]
    },
    "2": {
      "recall": [
        0.0,
        0.05263157894736842,
        0.10526315789473684,
        0.15789473684210525,
        0.21052631578947367,
        0.2631578947368421,
        0.3157894736842105,
        0.3684210526315789,
        0.42105263157894735,
        0.47368421052631576,
        0.5263157894736842,
        0.5789473684210527,
        0.631578947368421,
        0.6842105263157894,
        0.7368421052631579,
        0.7894736842105263,
        0.8421052631578947,
        0.894736842105263,
        0.9473684210526315,
        1.0
      ],
      "precision": [
        0.9944971880687296,
        1.0,
        0.9952791708228818,
        1.0,
        0.9479419307778865,
        0.9542745971514605,
        0.9408826161438896,
        0.9390333279897222,
        0.927104948540582,
        0.8787969477052033,
        0.8621365902566428,
        0.8296020719791936,
        0.8000551457943669,
        0.766401658882758,
        0.7064384949201208,
        0.6780558153531513,
        0.6551767520789983,
        0.5890667006648826,
        0.5422224297218612,
        0.5161446936163008
      ]
    },
    "3": {
      "recall": [
        0.0,
        0.05263157894736842,
        0.10526315789473684,
        0.15789473684210525,
        0.21052631578947367,
        0.2631578947368421,
        0.3157894736842105,
        0.3684210526315789,
        0.42105263157894735,
        0.47368421052631576,
        0.5263157894736842,
        0.5789473684210527,
        0.631578947368421,
        0.6842105263157894,
        0.7368421052631579,
        0.7894736842105263,
        0.8421052631578947,
        0.894736842105263,
        0.9473684210526315,
        1.0
      ],
      "precision": [
        0.9985461719925468,
        1.0,
        1.0,
        0.9821493618422255,
        0.9926918807416427,
        0.9926649547984701,
        0.9287546552754109,
        0.9140443780183818,
        0.9219907408929156,
        0.9276762225443612,
        0.8713973114428174,
        0.8517974439547347,
        0.798041564501775,
        0.7083756411024057,
        0.7604333667928213,
        0.6864206166262099,
        0.6808684239001056,
        0.6066995625333136,
        0.5438846615887631,
        0.5310484665864437
      ]
    }
  }
}