{
  "confusion_matrix": [
    [
      83,
      12,
      3,
      0
    ],
    [
      3,
      71,
      12,
      11
    ],
    [
      8,
      7,
      70,
      13
    ],
    [
      8,
      14,
      9,
      67
    ]
  ],
  "pr_curves": {
    "0": {
      "recall": [
        0.0,
        0.05263157894736842,
        0.10526315789473684,
        0.15789473684210525,
        0.21052631578947367,
        0.2631578947368421,
        0.3157894736842105,
        0.3684210526315789,
        0.42105263157894735,
        0.47368421052631576,
        0.5263157894736842,
        0.5789473684210527,
        0.631578947368421,
        0.6842105263157894,
        0.7368421052631579,
        0.7894736842105263,
        0.8421052631578947,
        0.894736842105263,
        0.9473684210526315,
        1.0
      ],
      "precision": [
        1.0,
        1.0,
        0.9904290786475805,
        0.9845163870889709,
        0.9961603713287954,
        0.9885805539593774,
        0.8977392641894861,
        0.9056270725503608,
        0.9205571130874032,
        0.889852667280515,
        0.8825669004917479,
        0.8648908245442672,
        0.7705413162687885,
        0.7603713440087501,
        0.7524117563458635,
        0.7056019575068777,
        0.6370884420050176,
        0.5947322633513815,
        0.5701200844929033,
        0.4846737872357012
      ]
    },
    "1": {
      "recall": [
        0.0,
        0.05263157894736842,
        0.10526315789473684,
        0.15789473684210525,
        0.21052631578947367,
        0.2631578947368421,
        0.3157894736842105,
        0.3684210526315789,
        0.42105263157894735,
        0.47368421052631576,
        0.5263157894736842,
        0.5789473684210527,
        0.631578947368421,
        0.6842105263157894,
        0.7368421052631579,
        0.7894736842105263,
        0.8421052631578947,
        0.894736842105263,
        0.9473684210526315,
        1.0
      ],
      "precision": [
        0.9981521964531986,
        1.0,
        0.9656821932922542,
        0.9742661855399173,
        0.9758247734141954,
        1.0,
        0.9780126658838221,
        0.9279855413476825,
        0.926629086441697,
        0.8919127073542119,
        0.8406659213944369,
        0.8158484505118044,
        0.7794781029180429,
        0.7641528045453041,
        0.7316957230481047,
        0.6525791900244913,
        0.6666989984376921,
        0.6004653917915181,
        0.5479713787878638,
        0.4934358486191438
      ]
    },
    "2": {
      "recall": [
        0.0,
        0.05263157894736842,
        0.10526315789473684,
        0.15789473684210525,
        0.21052631578947367,
        0.2631578947368421,
        0.3157894736842105,
        0.3684210526315789,
        0.42105263157894735,
        0.47368421052631576,
        0.5263157894736842,
        0.5789473684210527,
        0.631578947368421,
        0.6842105263157894,
        0.7368421052631579,
        0.7894736842105263,
        0.8421052631578947,
        0.894736842105263,
        0.9473684210526315,
        1.0
      ],
      "precision": [
        0.991365629593766,
        0.9707574790921722,
        1.0,
        0.9872699284404869,
        1.0,
        0.9713370159888864,
        0.9335405834869852,
        0.9002097934842893,
        0.9236260966234008,
        0.881459691930089,
        0.860015911820222,
        0.8202373542965294,
        0.7605565563972005,
        0.7840927916873964,
        0.7381914545589663,
        0.692803219985971,
        0.6587099464655078,
        0.5748068554892537,
        0.5906241188291944,
        0.49362702146899345
      ]
    },
    "3": {
      "recall": [
        0.0,
        0.05263157894736842,
        0.10526315789473684,
        0.15789473684210525,
        0.21052631578947367,
        0.2631578947368421,
        0.3157894736842105,
        0.3684210526315789,
        0.42105263157894735,
        0.47368421052631576,
        0.5263157894736842,
        0.5789473684210527,
        0.631578947368421,
        0.6842105263157894,
        0.7368421052631579,
        0.7894736842105263,
        0.8421052631578947,
        0.894736842105263,
        0.9473684210526315,
        1.0
      ],
      "precision": [
        1.0,
        1.0,
        0.9747502217692908,
        0.9892446642223391,
        0.9685926865352813,
        0.9771380470732058,
        0.9668691558086415,
        0.9266476204615197,
        0.9500522612162778,
        0.8389334847291297,
        0.8901839874451533,
        0.831901059755665,
        0.7990730865555464,
        0.7725291259300855,
        0.7375054925876763,
        0.6885493099252731,
        0.6350220057251384,
        0.5915496251249482,
        0.5490233137651495,
        0.5151680811198528
      ]
    }
  }
}