{
  "confusion_matrix": [
    [
      65,
      14,
      10,
      8
    ],
    [
      2,
      79,
      1,
      16
    ],
    [
      9,
      11,
      63,
      15
    ],
    [
      15,
      3,
      3,
      77
    ]
  ],
  "pr_curves": {
    "0": {
      "recall": [
        0.0,
        0.05263157894736842,
        0.10526315789473684,
        0.15789473684210525,
        0.21052631578947367,
        0.2631578947368421,
        0.3157894736842105,
        0.3684210526315789,
        0.42105263157894735,
        0.47368421052631576,
        0.5263157894736842,
        0.5789473684210527,
        0.631578947368421,
        0.6842105263157894,
        0.7368421052631579,
        0.7894736842105263,
        0.8421052631578947,
        0.894736842105263,
        0.9473684210526315,
        1.0
      ],
      "precision": [
        1.0,
        0.9958496724253297,
        1.0,
        1.0,
        0.9731562676855887,
        0.9606912220798529,
        0.9817227604652725,
        0.9474816585719779,
        0.9019678530015225,
        0.8986628352207499,
        0.852227491019097,
        0.8230953772277638,
        0.8053932620518193,
        0.7276623729461793,
        0.694033499305418,
        0.6771199003847096,
        0.625172740474198,
        0.6060079383416563,
        0.5330860558856977,
        0.4717539259732942
      ]
    },
    "1": {
      "recall": [
        0.0,
        0.05263157894736842,
        0.10526315789473684,
        0.15789473684210525,
        0.21052631578947367,
        0.2631578947368421,
        0.3157894736842105,
        0.3684210526315789,
        0.42105263157894735,
        0.47368421052631576,
        0.5263157894736842,
        0.5789473684210527,
        0.631578947368421,
        0.6842105263157894,
        0.7368421052631579,
        0.7894736842105263,
        0.8421052631578947,
        0.894736842105263,
        0.9473684210526315,
        1.0
      ],
      "precision": [
        1.0,
        0.9804453297931403,
        0.9868897716738374,
        0.9768363140632698,
        0.9950008021014879,
        0.957113761572542,
        0.9601022758448703,
        0.9723369489403594,
        0.9366145716105747,
        0.8790273372116779,
        0.8545670870155733,
        0.8415163654903138,
        0.767180762480226,
        0.7486862679391391,
        0.7383900729181535,
        0.6858793830466193,
        0.6841320886288933,
        0.5873541385900631,
        0.5303097576718208,
        0.48220764822679596
      ]
    },
    "2": {
      "recall": [
        0.0,
        0.05263157894736842,
        0.10526315789473684,
        0.15789473684210525,
        0.21052631578947367,
        0.2631578947368421,
        0.3157894736842105,
        0.3684210526315789,
        0.42105263157894735,
        0.47368421052631576,
        0.5263157894736842,
        0.5789473684210527,
        0.631578947368421,
        0.6842105263157894,
        0.7368421052631579,
        0.7894736842105263,
        0.8421052631578947,
        0.894736842105263,
        0.9473684210526315,
        1.0
      ],
      "precision": [
        0.9849877056548826,
        1.0,
        1.0,
        0.9554363112136093,
        0.9484764616004573,
        0.9310725520593692,
        0.9873141779853758,
        0.9338847235142357,
        0.9103108967917268,
        0.8989210670821235,
        0.842227770992355,
        0.8288035429895645,
        0.7768858334983078,
        0.7780368962532126,
        0.709498844887239,
        0.6955827721651041,
        0.6666415680029041,
        0.597379948121498,
        0.5677598344069482,
        0.4758037289637155
      ]
    },
    "3": {
      "recall": [
        0.0,
        0.05263157894736842,
        0.10526315789473684,
        0.15789473684210525,
        0.21052631578947367,
        0.2631578947368421,
        0.3157894736842105,
        0.3684210526315789,
        0.42105263157894735,
        0.47368421052631576,
        0.5263157894736842,
        0.5789473684210527,
        0.631578947368421,
        0.6842105263157894,
        0.7368421052631579,
        0.7894736842105263,
        0.8421052631578947,
        0.894736842105263,
        0.9473684210526315,
        1.0
      ],
      "precision": [
        1.0,
        1.0,
        0.986556922964658,
        0.9834486079380159,
        0.9524066820856674,
        0.9134363886136962,
        0.9559321223921357,
        0.9146668711126751,
        0.9192387938514472,
        0.9065137452267288,
        0.8611821507242265,
        0.8376018916242355,
        0.7710877317986938,
        0.7819665097608604,
        0.6935168082222484,
        0.6784646123410414,
        0.6252573466944242,
        0.6002278754072389,
        0.5488164003024957,
        0.4690625363615997
      ]
    }
  }
}