{
  "confusion_matrix": [
    [
      81,
      4,
      3,
      9
    ],
    [
      10,
      64,
      14,
      10
    ],
    [
      8,
      6,
      73,
      12
    ],
    [
      7,
      1,
      7,
      84
    ]
  ],
  "pr_curves": {
    "0": {
      "recall": [
        0.0,
        0.05263157894736842,
        0.10526315789473684,
        0.15789473684210525,
        0.21052631578947367,
        0.2631578947368421,
        0.3157894736842105,
        0.3684210526315789,
        0.42105263157894735,
        0.47368421052631576,
        0.5263157894736842,
        0.5789473684210527,
        0.631578947368421,
        0.6842105263157894,
        0.7368421052631579,
        0.7894736842105263,
        0.8421052631578947,
        0.894736842105263,
        0.9473684210526315,
        1.0
      ],
      "precision": [
        0.9782873879339887,
        1.0,
        1.0,
        0.9574087317604193,
        0.9662673301406847,
        0.9984026919607796,
        0.9016049192872632,
        0.9235547114117961,
        0.9366760658943323,
        0.8704768263037285,
        0.8479181218429052,
        0.8305157929204311,
        0.8303818091429844,
        0.7531499379056423,
        0.7196522167627574,
        0.6796786254571587,
        0.6895479645353956,
        0.6434587134692266,
        0.5713276153536995,
        0.5077237279834971
      ]
    },
    "1": {
      "recall": [
        0.0,
        0.05263157894736842,
        0.10526315789473684,
        0.15789473684210525,
        0.21052631578947367,
        0.2631578947368421,
        0.3157894736842105,
        0.3684210526315789,
        0.42105263157894735,
        0.47368421052631576,
        0.5263157894736842,
        0.5789473684210527,
        0.631578947368421,
        0.6842105263157894,
        0.7368421052631579,
        0.7894736842105263,
        0.8421052631578947,
        0.894736842105263,
        0.9473684210526315,
        1.0
      ],
      "precision": [
        1.0,
        0.9893558768042218,
        0.9676997453823417,
        1.0,
        0.9484918165004311,
        0.9504030073761189,
        0.9297880768958718,
        0.9648343000094194,
        0.9298082529675934,
        0.8734140078577847,
        0.8421981770295651,
        0.8374816280141186,
        0.8067141645540542,
        0.7644958579113748,
        0.7058222458069413,
        0.6863207430644723,
        0.6615930875000893,
        0.6043628394540452,
        0.5232393678899101,
        0.5143181556737486
      ]
    },
    "2": {
      "recall": [
        0.0,
        0.05263157894736842,
        0.10526315789473684,
        0.15789473684210525,
        0.21052631578947367,
        0.2631578947368421,
        0.3157894736842105,
        0.3684210526315789,
        0.42105263157894735,
        0.47368421052631576,
        0.5263157894736842,
        0.5789473684210527,
        0.631578947368421,
        0.6842105263157894,
        0.7368421052631579,
        0.7894736842105263,
        0.8421052631578947,
        0.894736842105263,
        0.9473684210526315,
        1.0
      ],
      "precision": [
        0.9860232611256672,
        0.998827419980816,
        0.9755241049440981,
        0.9941092256661392,
        0.98414062664541,
        0.9573175124878291,
        0.8974724298009149,
        0.9361723739495116,
        0.9032108182900025,
        0.9415509893171442,
        0.8438178709850522,
        0.824336593804963,
        0.8025924903896348,
        0.7898476062637829,
        0.7519800829768848,
        0.6917477389468057,
        0.6356028782580487,
        0.5831349291699904,
        0.5474537272248157,
        0.5086651669132418
      ]
    },
    "3": {
      "recall": [
        0.0,
        0.05263157894736842,
        0.10526315789473684,
        0.15789473684210525,
        0.21052631578947367,
        0.2631578947368421,
        0.3157894736842105,
        0.3684210526315789,
        0.42105263157894735,
        0.47368421052631576,
        0.5263157894736842,
        0.5789473684210527,
        0.631578947368421,
        0.6842105263157894,
        0.7368421052631579,
        0.7894736842105263,
        0.8421052631578947,
        0.894736842105263,
        0.9473684210526315,
        1.0
      ],
      "precision": [
        0.9867538918713232,
        1.0,
        0.982659857115549,
        0.9896335686693183,
        0.9794475529974599,
        0.9088974512003404,
        0.9605197916506116,
        0.9422489380761752,
        0.9153065686041489,
        0.8863796646836569,
        0.8906436540047283,
        0.7932642392890042,
        0.8307907941665851,
        0.7654014860245097,
        0.7133720307798611,
        0.7185948333989652,
        0.6679352110810072,
        0.6154492980344971,
        0.5279787047732605,
        0.5054716568953013
      ]
    }
  }
}